chapter,figure,file_name,relative_path,rows,columns,column_names
1. Research and Development,fig_1.1.1,fig_1.1.1.csv,data/number/PUBLIC DATA_ 2026 AI INDEX REPORT/1. Research and Development/Data/fig_1.1.1.csv,7,2,"Number of notable machine learning models in 2025, Geographic area"
1. Research and Development,fig_1.1.10,fig_1.1.10.csv,data/number/PUBLIC DATA_ 2026 AI INDEX REPORT/1. Research and Development/Data/fig_1.1.10.csv,623,3,"Publication date, Number of parameters, Label"
1. Research and Development,fig_1.1.11,fig_1.1.11.csv,data/number/PUBLIC DATA_ 2026 AI INDEX REPORT/1. Research and Development/Data/fig_1.1.11.csv,563,2,"Publication date, training_dataset_size_(total)"
1. Research and Development,fig_1.1.12,fig_1.1.12.csv,data/number/PUBLIC DATA_ 2026 AI INDEX REPORT/1. Research and Development/Data/fig_1.1.12.csv,222,2,"Publication date, Training length (days)"
1. Research and Development,fig_1.1.13,fig_1.1.13.csv,data/number/PUBLIC DATA_ 2026 AI INDEX REPORT/1. Research and Development/Data/fig_1.1.13.csv,471,3,"Publication date, Training compute (petaFLOP), Label"
1. Research and Development,fig_1.1.14,fig_1.1.14.csv,data/number/PUBLIC DATA_ 2026 AI INDEX REPORT/1. Research and Development/Data/fig_1.1.14.csv,120,3,"Publication date, Training compute (petaFLOP – log scale), Label"
1. Research and Development,fig_1.1.16,fig_1.1.16.csv,data/number/PUBLIC DATA_ 2026 AI INDEX REPORT/1. Research and Development/Data/fig_1.1.16.csv,5,2,"Model, Score"
1. Research and Development,fig_1.1.17,fig_1.1.17.csv,data/number/PUBLIC DATA_ 2026 AI INDEX REPORT/1. Research and Development/Data/fig_1.1.17.csv,130,3,"Month, % of generated content, Label"
1. Research and Development,fig_1.1.2,fig_1.1.2.csv,data/number/PUBLIC DATA_ 2026 AI INDEX REPORT/1. Research and Development/Data/fig_1.1.2.csv,54,3,"Year, Number of notable AI models, Label"
1. Research and Development,fig_1.1.3,fig_1.1.3.csv,data/number/PUBLIC DATA_ 2026 AI INDEX REPORT/1. Research and Development/Data/fig_1.1.3.csv,30,2,"Geographic area, Number of notable machine learning models"
1. Research and Development,fig_1.1.4,fig_1.1.4.csv,data/number/PUBLIC DATA_ 2026 AI INDEX REPORT/1. Research and Development/Data/fig_1.1.4.csv,92,3,"Year, Number of notable AI models, Label"
1. Research and Development,fig_1.1.5,fig_1.1.5.csv,data/number/PUBLIC DATA_ 2026 AI INDEX REPORT/1. Research and Development/Data/fig_1.1.5.csv,92,3,"Year, Notable AI models (% of total), Label"
1. Research and Development,fig_1.1.6,fig_1.1.6.csv,data/number/PUBLIC DATA_ 2026 AI INDEX REPORT/1. Research and Development/Data/fig_1.1.6.csv,20,2,"organization, num_models"
1. Research and Development,fig_1.1.7,fig_1.1.7.csv,data/number/PUBLIC DATA_ 2026 AI INDEX REPORT/1. Research and Development/Data/fig_1.1.7.csv,20,2,"organization, num_models"
1. Research and Development,fig_1.1.8,fig_1.1.8.csv,data/number/PUBLIC DATA_ 2026 AI INDEX REPORT/1. Research and Development/Data/fig_1.1.8.csv,61,3,"model_accessibility, year, num_models"
1. Research and Development,fig_1.1.9,fig_1.1.9.csv,data/number/PUBLIC DATA_ 2026 AI INDEX REPORT/1. Research and Development/Data/fig_1.1.9.csv,46,3,"training_code_accessibility, year, num_models"
1. Research and Development,fig_1.2.1,fig_1.2.1.csv,data/number/PUBLIC DATA_ 2026 AI INDEX REPORT/1. Research and Development/Data/fig_1.2.1.csv,336,3,"Publication date, Performance (FLOP/s - log scale), Label"
1. Research and Development,fig_1.2.2,fig_1.2.2.csv,data/number/PUBLIC DATA_ 2026 AI INDEX REPORT/1. Research and Development/Data/fig_1.2.2.csv,194,3,"Publication date, Cumulative number of notable AI models, Label"
1. Research and Development,fig_1.2.3(1),fig_1.2.3(1).csv,data/number/PUBLIC DATA_ 2026 AI INDEX REPORT/1. Research and Development/Data/fig_1.2.3(1).csv,16,6,"quarter, AMD, Amazon, Google, Huawei, Nvidia"
1. Research and Development,fig_1.2.3,fig_1.2.3.csv,data/number/PUBLIC DATA_ 2026 AI INDEX REPORT/1. Research and Development/Data/fig_1.2.3.csv,16,6,"quarter, AMD, Amazon, Google, Huawei, Nvidia"
1. Research and Development,fig_1.2.4,fig_1.2.4.csv,data/number/PUBLIC DATA_ 2026 AI INDEX REPORT/1. Research and Development/Data/fig_1.2.4.csv,16,4,"quarter, cumulative_chip_power, cumulative_other_power, total_power"
1. Research and Development,fig_1.3.1,fig_1.3.1.csv,data/number/PUBLIC DATA_ 2026 AI INDEX REPORT/1. Research and Development/Data/fig_1.3.1.csv,97,3,"Country, num_datacenters, iso_code"
1. Research and Development,fig_1.3.2,fig_1.3.2.csv,data/number/PUBLIC DATA_ 2026 AI INDEX REPORT/1. Research and Development/Data/fig_1.3.2.csv,15,2,"Number of Data Centers, Country"
1. Research and Development,fig_1.4.1,fig_1.4.1.csv,data/number/PUBLIC DATA_ 2026 AI INDEX REPORT/1. Research and Development/Data/fig_1.4.1.csv,122,3,"Publication date, Energy efficiency (FLOP/s per watt - log scale), Label"
1. Research and Development,fig_1.4.10,fig_1.4.10.csv,data/number/PUBLIC DATA_ 2026 AI INDEX REPORT/1. Research and Development/Data/fig_1.4.10.csv,4,4,"Accelerated servers, 2023, 2024, Cumulative"
1. Research and Development,fig_1.4.11,fig_1.4.11.csv,data/number/PUBLIC DATA_ 2026 AI INDEX REPORT/1. Research and Development/Data/fig_1.4.11.csv,11,2,"Power demand in megawatts (MW), Description"
1. Research and Development,fig_1.4.12,fig_1.4.12.csv,data/number/PUBLIC DATA_ 2026 AI INDEX REPORT/1. Research and Development/Data/fig_1.4.12.csv,19,2,"Year, GPU cost index (2006=1)"
1. Research and Development,fig_1.4.2,fig_1.4.2.csv,data/number/PUBLIC DATA_ 2026 AI INDEX REPORT/1. Research and Development/Data/fig_1.4.2.csv,34,3,"model, publication_date, training_power_draw_(w)"
1. Research and Development,fig_1.4.3(1),fig_1.4.3(1).csv,data/number/PUBLIC DATA_ 2026 AI INDEX REPORT/1. Research and Development/Data/fig_1.4.3(1).csv,13,3,"model, year, C02eq_emissions"
1. Research and Development,fig_1.4.3,fig_1.4.3.csv,data/number/PUBLIC DATA_ 2026 AI INDEX REPORT/1. Research and Development/Data/fig_1.4.3.csv,13,3,"model, year, C02eq_emissions"
1. Research and Development,fig_1.4.4,fig_1.4.4.csv,data/number/PUBLIC DATA_ 2026 AI INDEX REPORT/1. Research and Development/Data/fig_1.4.4.csv,13,4,"Model, Year, CO2 equivalent emissions (tons), Parameters"
1. Research and Development,fig_1.4.5,fig_1.4.5.csv,data/number/PUBLIC DATA_ 2026 AI INDEX REPORT/1. Research and Development/Data/fig_1.4.5.csv,33,3,"model, avg_energy_consumption_wh, year"
1. Research and Development,fig_1.4.6,fig_1.4.6.csv,data/number/PUBLIC DATA_ 2026 AI INDEX REPORT/1. Research and Development/Data/fig_1.4.6.csv,33,3,"model, avg_energy_consumption_wh, year"
1. Research and Development,fig_1.4.7,fig_1.4.7.csv,data/number/PUBLIC DATA_ 2026 AI INDEX REPORT/1. Research and Development/Data/fig_1.4.7.csv,7,2,"activity, energy_wh"
1. Research and Development,fig_1.4.8,fig_1.4.8.csv,data/number/PUBLIC DATA_ 2026 AI INDEX REPORT/1. Research and Development/Data/fig_1.4.8.csv,6,2,"activity, water_consumption_kL"
1. Research and Development,fig_1.4.9,fig_1.4.9.csv,data/number/PUBLIC DATA_ 2026 AI INDEX REPORT/1. Research and Development/Data/fig_1.4.9.csv,4,4,"Total EPD, 2023, 2024, Cumulative"
1. Research and Development,fig_1.5.1,fig_1.5.1.csv,data/number/PUBLIC DATA_ 2026 AI INDEX REPORT/1. Research and Development/Data/fig_1.5.1.csv,15,2,"Year, Number of AI projects (in millions)"
1. Research and Development,fig_1.5.2,fig_1.5.2.csv,data/number/PUBLIC DATA_ 2026 AI INDEX REPORT/1. Research and Development/Data/fig_1.5.2.csv,15,2,"Year, Number of AI projects (in thousands)"
1. Research and Development,fig_1.5.3,fig_1.5.3.csv,data/number/PUBLIC DATA_ 2026 AI INDEX REPORT/1. Research and Development/Data/fig_1.5.3.csv,68,3,"Year, AI projects (% of total), Label"
1. Research and Development,fig_1.5.4,fig_1.5.4.csv,data/number/PUBLIC DATA_ 2026 AI INDEX REPORT/1. Research and Development/Data/fig_1.5.4.csv,15,2,"Year, Number of GitHub stars (in millions)"
1. Research and Development,fig_1.5.5,fig_1.5.5.csv,data/number/PUBLIC DATA_ 2026 AI INDEX REPORT/1. Research and Development/Data/fig_1.5.5.csv,75,3,"Year, Number of cumulative GitHub stars (in millions), Label"
1. Research and Development,fig_1.5.6,fig_1.5.6.csv,data/number/PUBLIC DATA_ 2026 AI INDEX REPORT/1. Research and Development/Data/fig_1.5.6.csv,16,3,"qyear, created_models, created_datasets"
1. Research and Development,fig_1.5.7,fig_1.5.7.csv,data/number/PUBLIC DATA_ 2026 AI INDEX REPORT/1. Research and Development/Data/fig_1.5.7.csv,54,3,"Year, AI model downloads (% of total), Label"
1. Research and Development,fig_1.5.8,fig_1.5.8.csv,data/number/PUBLIC DATA_ 2026 AI INDEX REPORT/1. Research and Development/Data/fig_1.5.8.csv,55,3,"Quarter, Download share, Developer"
1. Research and Development,fig_1.6.1,fig_1.6.1.csv,data/number/PUBLIC DATA_ 2026 AI INDEX REPORT/1. Research and Development/Data/fig_1.6.1.csv,24,2,"Year, Number of AI publications in CS (in thousands)"
1. Research and Development,fig_1.6.10,fig_1.6.10.csv,data/number/PUBLIC DATA_ 2026 AI INDEX REPORT/1. Research and Development/Data/fig_1.6.10.csv,120,3,"Year, Number of AI publications (in thousands), Label"
1. Research and Development,fig_1.6.2,fig_1.6.2.csv,data/number/PUBLIC DATA_ 2026 AI INDEX REPORT/1. Research and Development/Data/fig_1.6.2.csv,72,3,"Year, Number of AI publications in CS (in thousands), Label"
1. Research and Development,fig_1.6.3,fig_1.6.3.csv,data/number/PUBLIC DATA_ 2026 AI INDEX REPORT/1. Research and Development/Data/fig_1.6.3.csv,16,2,"Year, Number of attendees (in thousands)"
1. Research and Development,fig_1.6.4,fig_1.6.4.csv,data/number/PUBLIC DATA_ 2026 AI INDEX REPORT/1. Research and Development/Data/fig_1.6.4.csv,156,3,"Year, Number of attendees (in thousands), Label"
1. Research and Development,fig_1.6.5,fig_1.6.5.csv,data/number/PUBLIC DATA_ 2026 AI INDEX REPORT/1. Research and Development/Data/fig_1.6.5.csv,63,3,"Year, Number of attendees (in thousands), Label"
1. Research and Development,fig_1.6.6,fig_1.6.6.csv,data/number/PUBLIC DATA_ 2026 AI INDEX REPORT/1. Research and Development/Data/fig_1.6.6.csv,72,3,"Year, AI publications in CS (% of total), Label"
1. Research and Development,fig_1.6.7,fig_1.6.7.csv,data/number/PUBLIC DATA_ 2026 AI INDEX REPORT/1. Research and Development/Data/fig_1.6.7.csv,96,3,"Year, AI publications in CS (% of total), Label"
1. Research and Development,fig_1.6.8,fig_1.6.8.csv,data/number/PUBLIC DATA_ 2026 AI INDEX REPORT/1. Research and Development/Data/fig_1.6.8.csv,60,3,"Year, AI publications in CS (% of total), Label"
1. Research and Development,fig_1.6.9,fig_1.6.9.csv,data/number/PUBLIC DATA_ 2026 AI INDEX REPORT/1. Research and Development/Data/fig_1.6.9.csv,12,3,"AI Publications (% of Total), Sector, Label"
1. Research and Development,fig_1.7.1,fig_1.7.1.csv,data/number/PUBLIC DATA_ 2026 AI INDEX REPORT/1. Research and Development/Data/fig_1.7.1.csv,15,2,"Year, Number of AI patents granted (in thousands)"
1. Research and Development,fig_1.7.2,fig_1.7.2.csv,data/number/PUBLIC DATA_ 2026 AI INDEX REPORT/1. Research and Development/Data/fig_1.7.2.csv,75,3,"Year, Granted AI patents (% of world total), Label"
1. Research and Development,fig_1.7.3,fig_1.7.3.csv,data/number/PUBLIC DATA_ 2026 AI INDEX REPORT/1. Research and Development/Data/fig_1.7.3.csv,75,3,"Year, Number of AI patents granted (in thousands), Label"
1. Research and Development,fig_1.7.4,fig_1.7.4.csv,data/number/PUBLIC DATA_ 2026 AI INDEX REPORT/1. Research and Development/Data/fig_1.7.4.csv,15,2,"Granted AI patents (per 100,000 inhabitants), Country"
1. Research and Development,fig_1.7.7,fig_1.7.7.csv,data/number/PUBLIC DATA_ 2026 AI INDEX REPORT/1. Research and Development/Data/fig_1.7.7.csv,31,3,"Country, Proximity_to_United_States, Proximity_to_China"
1. Research and Development,fig_1.8.1,fig_1.8.1.csv,data/number/PUBLIC DATA_ 2026 AI INDEX REPORT/1. Research and Development/Data/fig_1.8.1.csv,21,2,"Number of top AI authors and inventors (in thousands), Country"
1. Research and Development,fig_1.8.2,fig_1.8.2.csv,data/number/PUBLIC DATA_ 2026 AI INDEX REPORT/1. Research and Development/Data/fig_1.8.2.csv,15,2,"country, talent_per_100k"
1. Research and Development,fig_1.8.3,fig_1.8.3.csv,data/number/PUBLIC DATA_ 2026 AI INDEX REPORT/1. Research and Development/Data/fig_1.8.3.csv,1999,5,"year, country, country_code, education_label, pct_share"
1. Research and Development,fig_1.8.4,fig_1.8.4.csv,data/number/PUBLIC DATA_ 2026 AI INDEX REPORT/1. Research and Development/Data/fig_1.8.4.csv,336,5,"year, country, country_code, Male, Female"
1. Research and Development,fig_1.8.5,fig_1.8.5.csv,data/number/PUBLIC DATA_ 2026 AI INDEX REPORT/1. Research and Development/Data/fig_1.8.5.csv,14,22,"specialisation_area, Australia, Brazil, Canada, Denmark, Finland, France, Germany, India, Israel, Italy, Japan, Netherlands, Saudi Arabia, Singapore, South Korea, Spain, Sweden, Switzerland, United Arab Emirates, United Kingdom, United States"
1. Research and Development,fig_1.8.6,fig_1.8.6.csv,data/number/PUBLIC DATA_ 2026 AI INDEX REPORT/1. Research and Development/Data/fig_1.8.6.csv,3907,4,"country, country_code, year_month, netflow"
2. Technical Performance,fig_2.1.1,fig_2.1.1.csv,data/number/PUBLIC DATA_ 2026 AI INDEX REPORT/2. Technical Performance/Data/fig_2.1.1.csv,51,5,"Year, Method, Perfomance relative to the human baseline, Benchmark, Task"
2. Technical Performance,fig_2.1.2,fig_2.1.2.csv,data/number/PUBLIC DATA_ 2026 AI INDEX REPORT/2. Technical Performance/Data/fig_2.1.2.csv,70,3,"Year, Arena score (Elo-like), Label"
2. Technical Performance,fig_2.1.3,fig_2.1.3.csv,data/number/PUBLIC DATA_ 2026 AI INDEX REPORT/2. Technical Performance/Data/fig_2.1.3.csv,70,3,"Year, Arena score (Elo-like), Label"
2. Technical Performance,fig_2.1.4,fig_2.1.4.csv,data/number/PUBLIC DATA_ 2026 AI INDEX REPORT/2. Technical Performance/Data/fig_2.1.4.csv,237,3,"Year, Arena score (Elo-like), Label"
2. Technical Performance,fig_2.1.5,fig_2.1.5.csv,data/number/PUBLIC DATA_ 2026 AI INDEX REPORT/2. Technical Performance/Data/fig_2.1.5.csv,9,2,"Benchmark, Precision@50 (%)"
2. Technical Performance,fig_2.2.1,fig_2.2.1.csv,data/number/PUBLIC DATA_ 2026 AI INDEX REPORT/2. Technical Performance/Data/fig_2.2.1.csv,15,2,"Model, Overall accuracy (%)"
2. Technical Performance,fig_2.2.2,fig_2.2.2.csv,data/number/PUBLIC DATA_ 2026 AI INDEX REPORT/2. Technical Performance/Data/fig_2.2.2.csv,15,6,"model, arena_elo_rating, 95_CI_upper, 95_CI_lower, Error Lower, Error Upper"
2. Technical Performance,fig_2.2.3,fig_2.2.3.csv,data/number/PUBLIC DATA_ 2026 AI INDEX REPORT/2. Technical Performance/Data/fig_2.2.3.csv,15,2,"Model, Overall Accuracy"
2. Technical Performance,fig_2.2.4,fig_2.2.4.csv,data/number/PUBLIC DATA_ 2026 AI INDEX REPORT/2. Technical Performance/Data/fig_2.2.4.csv,6,2,"Year, Average accuracy"
2. Technical Performance,fig_2.3.1,fig_2.3.1.csv,data/number/PUBLIC DATA_ 2026 AI INDEX REPORT/2. Technical Performance/Data/fig_2.3.1.csv,15,2,"Model, Average accuracy"
2. Technical Performance,fig_2.3.2,fig_2.3.2.csv,data/number/PUBLIC DATA_ 2026 AI INDEX REPORT/2. Technical Performance/Data/fig_2.3.2.csv,25,3,"Model, Year, Overall"
2. Technical Performance,fig_2.3.3,fig_2.3.3.csv,data/number/PUBLIC DATA_ 2026 AI INDEX REPORT/2. Technical Performance/Data/fig_2.3.3.csv,24,2,"∆knowledge, Model"
2. Technical Performance,fig_2.3.5,fig_2.3.5.csv,data/number/PUBLIC DATA_ 2026 AI INDEX REPORT/2. Technical Performance/Data/fig_2.3.5.csv,15,6,"model, arena_elo_rating, 95_CI_upper, 95_CI_lower, Error Lower, Error Upper"
2. Technical Performance,fig_2.3.6,fig_2.3.6.csv,data/number/PUBLIC DATA_ 2026 AI INDEX REPORT/2. Technical Performance/Data/fig_2.3.6.csv,28,3,"Model, type, score"
2. Technical Performance,fig_2.3.7,fig_2.3.7.csv,data/number/PUBLIC DATA_ 2026 AI INDEX REPORT/2. Technical Performance/Data/fig_2.3.7.csv,10,2,"Model, Total Score"
2. Technical Performance,fig_2.4.1,fig_2.4.1.csv,data/number/PUBLIC DATA_ 2026 AI INDEX REPORT/2. Technical Performance/Data/fig_2.4.1.csv,14,3,"Model, Year, Accuracy (%)"
2. Technical Performance,fig_2.4.10,fig_2.4.10.csv,data/number/PUBLIC DATA_ 2026 AI INDEX REPORT/2. Technical Performance/Data/fig_2.4.10.csv,32,3,"domain, model_planner, solved_tasks"
2. Technical Performance,fig_2.4.2,fig_2.4.2.csv,data/number/PUBLIC DATA_ 2026 AI INDEX REPORT/2. Technical Performance/Data/fig_2.4.2.csv,3,3,"year, method, metric"
2. Technical Performance,fig_2.4.3,fig_2.4.3.csv,data/number/PUBLIC DATA_ 2026 AI INDEX REPORT/2. Technical Performance/Data/fig_2.4.3.csv,15,2,"AI System, ARC-AGI-2 (%)"
2. Technical Performance,fig_2.4.4,fig_2.4.4.csv,data/number/PUBLIC DATA_ 2026 AI INDEX REPORT/2. Technical Performance/Data/fig_2.4.4.csv,2,3,"year, model, accuracy"
2. Technical Performance,fig_2.4.6(1),fig_2.4.6(1).csv,data/number/PUBLIC DATA_ 2026 AI INDEX REPORT/2. Technical Performance/Data/fig_2.4.6(1).csv,7,2,"Model, Value"
2. Technical Performance,fig_2.4.6,fig_2.4.6.csv,data/number/PUBLIC DATA_ 2026 AI INDEX REPORT/2. Technical Performance/Data/fig_2.4.6.csv,7,2,"Model, Value"
2. Technical Performance,fig_2.4.7,fig_2.4.7.csv,data/number/PUBLIC DATA_ 2026 AI INDEX REPORT/2. Technical Performance/Data/fig_2.4.7.csv,7,2,"Model, Value"
2. Technical Performance,fig_2.4.8(1),fig_2.4.8(1).csv,data/number/PUBLIC DATA_ 2026 AI INDEX REPORT/2. Technical Performance/Data/fig_2.4.8(1).csv,15,2,"Model, Average accuracy (%)"
2. Technical Performance,fig_2.4.8,fig_2.4.8.csv,data/number/PUBLIC DATA_ 2026 AI INDEX REPORT/2. Technical Performance/Data/fig_2.4.8.csv,15,2,"Model, Average accuracy (%)"
2. Technical Performance,fig_2.4.9,fig_2.4.9.csv,data/number/PUBLIC DATA_ 2026 AI INDEX REPORT/2. Technical Performance/Data/fig_2.4.9.csv,32,3,"domain, model_planner, solved_tasks"
2. Technical Performance,fig_2.5.1,fig_2.5.1.csv,data/number/PUBLIC DATA_ 2026 AI INDEX REPORT/2. Technical Performance/Data/fig_2.5.1.csv,20,3,"Model, Type, Percent resolved"
2. Technical Performance,fig_2.5.10,fig_2.5.10.csv,data/number/PUBLIC DATA_ 2026 AI INDEX REPORT/2. Technical Performance/Data/fig_2.5.10.csv,15,2,"Model, Accuracy"
2. Technical Performance,fig_2.5.11,fig_2.5.11.csv,data/number/PUBLIC DATA_ 2026 AI INDEX REPORT/2. Technical Performance/Data/fig_2.5.11.csv,15,2,"Model, Accuracy"
2. Technical Performance,fig_2.5.12,fig_2.5.12.csv,data/number/PUBLIC DATA_ 2026 AI INDEX REPORT/2. Technical Performance/Data/fig_2.5.12.csv,15,2,"Model, Accuracy"
2. Technical Performance,fig_2.5.13,fig_2.5.13.csv,data/number/PUBLIC DATA_ 2026 AI INDEX REPORT/2. Technical Performance/Data/fig_2.5.13.csv,15,2,"Model, Accuracy"
2. Technical Performance,fig_2.5.2,fig_2.5.2.csv,data/number/PUBLIC DATA_ 2026 AI INDEX REPORT/2. Technical Performance/Data/fig_2.5.2.csv,13,2,"month_year, metric_trend"
2. Technical Performance,fig_2.5.3,fig_2.5.3.csv,data/number/PUBLIC DATA_ 2026 AI INDEX REPORT/2. Technical Performance/Data/fig_2.5.3.csv,8,2,"Model, Accuracy"
2. Technical Performance,fig_2.5.4,fig_2.5.4.csv,data/number/PUBLIC DATA_ 2026 AI INDEX REPORT/2. Technical Performance/Data/fig_2.5.4.csv,2,3,"year, method, metric"
2. Technical Performance,fig_2.5.5,fig_2.5.5.csv,data/number/PUBLIC DATA_ 2026 AI INDEX REPORT/2. Technical Performance/Data/fig_2.5.5.csv,2,3,"release_date, model, accuracy"
2. Technical Performance,fig_2.5.7,fig_2.5.7.csv,data/number/PUBLIC DATA_ 2026 AI INDEX REPORT/2. Technical Performance/Data/fig_2.5.7.csv,9,2,"Model, Value"
2. Technical Performance,fig_2.5.8,fig_2.5.8.csv,data/number/PUBLIC DATA_ 2026 AI INDEX REPORT/2. Technical Performance/Data/fig_2.5.8.csv,15,2,"Model, Accuracy"
2. Technical Performance,fig_2.5.9,fig_2.5.9.csv,data/number/PUBLIC DATA_ 2026 AI INDEX REPORT/2. Technical Performance/Data/fig_2.5.9.csv,15,2,"Model, Accuracy"
2. Technical Performance,fig_2.6.1,fig_2.6.1.csv,data/number/PUBLIC DATA_ 2026 AI INDEX REPORT/2. Technical Performance/Data/fig_2.6.1.csv,5,3,"release_date, model, accuracy"
2. Technical Performance,fig_2.6.2,fig_2.6.2.csv,data/number/PUBLIC DATA_ 2026 AI INDEX REPORT/2. Technical Performance/Data/fig_2.6.2.csv,2,3,"year, method, metric"
2. Technical Performance,fig_2.6.3,fig_2.6.3.csv,data/number/PUBLIC DATA_ 2026 AI INDEX REPORT/2. Technical Performance/Data/fig_2.6.3.csv,4,3,"year, Model, Success Rate"
2. Technical Performance,fig_2.6.4,fig_2.6.4.csv,data/number/PUBLIC DATA_ 2026 AI INDEX REPORT/2. Technical Performance/Data/fig_2.6.4.csv,3,12,"year, Agent, LLM(s) Used, Low==Lite (%), Low==Lite (¬± %), Medium (%), Medium (¬± %), High (%), High (¬± %), All (%), All (¬± %), Running Time (hours)"
2. Technical Performance,fig_2.6.5,fig_2.6.5.csv,data/number/PUBLIC DATA_ 2026 AI INDEX REPORT/2. Technical Performance/Data/fig_2.6.5.csv,3,3,"Release Year, Model, Unguided % Solved"
2. Technical Performance,fig_2.6.6,fig_2.6.6.csv,data/number/PUBLIC DATA_ 2026 AI INDEX REPORT/2. Technical Performance/Data/fig_2.6.6.csv,7,2,"Model, Value"
2. Technical Performance,fig_2.7.1,fig_2.7.1.csv,data/number/PUBLIC DATA_ 2026 AI INDEX REPORT/2. Technical Performance/Data/fig_2.7.1.csv,4,3,"year, model, metric"
2. Technical Performance,fig_2.7.11,fig_2.7.11.csv,data/number/PUBLIC DATA_ 2026 AI INDEX REPORT/2. Technical Performance/Data/fig_2.7.11.csv,22,3,"Count, Crash Type Group, Label"
2. Technical Performance,fig_2.7.12,fig_2.7.12.csv,data/number/PUBLIC DATA_ 2026 AI INDEX REPORT/2. Technical Performance/Data/fig_2.7.12.csv,12,3,"Count, Crash Type Group, Label"
2. Technical Performance,fig_2.7.2,fig_2.7.2.csv,data/number/PUBLIC DATA_ 2026 AI INDEX REPORT/2. Technical Performance/Data/fig_2.7.2.csv,10,3,"Score, Team, Label"
2. Technical Performance,fig_2.7.3,fig_2.7.3.csv,data/number/PUBLIC DATA_ 2026 AI INDEX REPORT/2. Technical Performance/Data/fig_2.7.3.csv,5,3,"Model, Year, Overall SSR↑"
2. Technical Performance,fig_2.7.5,fig_2.7.5.csv,data/number/PUBLIC DATA_ 2026 AI INDEX REPORT/2. Technical Performance/Data/fig_2.7.5.csv,32,2,"Month-Year, Number of weekly paid trips (in thousands)"
2. Technical Performance,fig_2.7.7,fig_2.7.7.csv,data/number/PUBLIC DATA_ 2026 AI INDEX REPORT/2. Technical Performance/Data/fig_2.7.7.csv,4,2,"Year, Number of trips"
2. Technical Performance,fig_2.7.8,fig_2.7.8.csv,data/number/PUBLIC DATA_ 2026 AI INDEX REPORT/2. Technical Performance/Data/fig_2.7.8.csv,13,3,"Dataset / Benchmark, Version (Year), Hours"
3. Responsible AI,fig_3.2.1,fig_3.2.1.csv,data/number/PUBLIC DATA_ 2026 AI INDEX REPORT/3. Responsible AI/Data/fig_3.2.1.csv,14,2,"Year, Number of AI incidents"
3. Responsible AI,fig_3.2.2,fig_3.2.2.csv,data/number/PUBLIC DATA_ 2026 AI INDEX REPORT/3. Responsible AI/Data/fig_3.2.2.csv,144,3,"Date, Number of AI incidents, Label"
3. Responsible AI,fig_3.2.5,fig_3.2.5.csv,data/number/PUBLIC DATA_ 2026 AI INDEX REPORT/3. Responsible AI/Data/fig_3.2.5.csv,15,2,"Model, Hallucination Rate"
3. Responsible AI,fig_3.2.6,fig_3.2.6.csv,data/number/PUBLIC DATA_ 2026 AI INDEX REPORT/3. Responsible AI/Data/fig_3.2.6.csv,26,2,"Model, Hallucination Rate"
3. Responsible AI,fig_3.3.1,fig_3.3.1.csv,data/number/PUBLIC DATA_ 2026 AI INDEX REPORT/3. Responsible AI/Data/fig_3.3.1.csv,8,2,"Average Maturity, Region"
3. Responsible AI,fig_3.3.10,fig_3.3.10.csv,data/number/PUBLIC DATA_ 2026 AI INDEX REPORT/3. Responsible AI/Data/fig_3.3.10.csv,11,2,"% of Respondents, Main obstacle"
3. Responsible AI,fig_3.3.11,fig_3.3.11.csv,data/number/PUBLIC DATA_ 2026 AI INDEX REPORT/3. Responsible AI/Data/fig_3.3.11.csv,14,3,"% of Organizations, Regulation, Year"
3. Responsible AI,fig_3.3.3,fig_3.3.3.csv,data/number/PUBLIC DATA_ 2026 AI INDEX REPORT/3. Responsible AI/Data/fig_3.3.3.csv,10,3,"% of Respondents, Number of AI Incidents, year"
3. Responsible AI,fig_3.3.4,fig_3.3.4.csv,data/number/PUBLIC DATA_ 2026 AI INDEX REPORT/3. Responsible AI/Data/fig_3.3.4.csv,12,3,"% of Respondents, Organizational Response to Incidents, Year"
3. Responsible AI,fig_3.3.5,fig_3.3.5.csv,data/number/PUBLIC DATA_ 2026 AI INDEX REPORT/3. Responsible AI/Data/fig_3.3.5.csv,30,5,"risk, perc_respondents_2024, perc_respondents_2025, pp_change, type"
3. Responsible AI,fig_3.3.6,fig_3.3.6.csv,data/number/PUBLIC DATA_ 2026 AI INDEX REPORT/3. Responsible AI/Data/fig_3.3.6.csv,20,3,"% of Respondents, Business function, Year"
3. Responsible AI,fig_3.3.7,fig_3.3.7.csv,data/number/PUBLIC DATA_ 2026 AI INDEX REPORT/3. Responsible AI/Data/fig_3.3.7.csv,12,3,"% of Respondents, Revenue in USD, Label"
3. Responsible AI,fig_3.3.8,fig_3.3.8.csv,data/number/PUBLIC DATA_ 2026 AI INDEX REPORT/3. Responsible AI/Data/fig_3.3.8.csv,19,3,"% of Respondents, Result, Year"
3. Responsible AI,fig_3.3.9,fig_3.3.9.csv,data/number/PUBLIC DATA_ 2026 AI INDEX REPORT/3. Responsible AI/Data/fig_3.3.9.csv,14,3,"% of Respondents, Obstacle, Year"
3. Responsible AI,fig_3.4.1,fig_3.4.1.csv,data/number/PUBLIC DATA_ 2026 AI INDEX REPORT/3. Responsible AI/Data/fig_3.4.1.csv,7,2,"Year, Number of RAI papers"
3. Responsible AI,fig_3.4.2,fig_3.4.2.csv,data/number/PUBLIC DATA_ 2026 AI INDEX REPORT/3. Responsible AI/Data/fig_3.4.2.csv,29,3,"category, year, count"
3. Responsible AI,fig_3.4.3,fig_3.4.3.csv,data/number/PUBLIC DATA_ 2026 AI INDEX REPORT/3. Responsible AI/Data/fig_3.4.3.csv,42,3,"Year, RAI papers (% of total), Label"
3. Responsible AI,fig_3.4.4,fig_3.4.4.csv,data/number/PUBLIC DATA_ 2026 AI INDEX REPORT/3. Responsible AI/Data/fig_3.4.4.csv,10,2,"Number of RAI submissions, Geographic area"
3. Responsible AI,fig_3.4.5,fig_3.4.5.csv,data/number/PUBLIC DATA_ 2026 AI INDEX REPORT/3. Responsible AI/Data/fig_3.4.5.csv,88,2,"country_code, number_of_rai_submissions"
3. Responsible AI,fig_3.5.1,fig_3.5.1.csv,data/number/PUBLIC DATA_ 2026 AI INDEX REPORT/3. Responsible AI/Data/fig_3.5.1.csv,81,3,"Country/Region, Country Code, Status_Category"
3. Responsible AI,fig_3.5.2,fig_3.5.2.csv,data/number/PUBLIC DATA_ 2026 AI INDEX REPORT/3. Responsible AI/Data/fig_3.5.2.csv,59,9,"country, oecd_ai_principles_2019, g20_ai_principles_2019, coe_drafters_2022, gpai_ministerial_declaration_2022, bletchley_declaration_2023, g7_hiroshima_ai_process_2023, seoul_ministerial_statement_2024, ai_action_summit_inclusive_2025"
3. Responsible AI,fig_3.6.1,fig_3.6.1.csv,data/number/PUBLIC DATA_ 2026 AI INDEX REPORT/3. Responsible AI/Data/fig_3.6.1.csv,138,2,"Country, Data Protection & Privacy"
3. Responsible AI,fig_3.6.2,fig_3.6.2.csv,data/number/PUBLIC DATA_ 2026 AI INDEX REPORT/3. Responsible AI/Data/fig_3.6.2.csv,176,3,"Country/Region, Country Code, Status_Category"
3. Responsible AI,fig_3.7.1,fig_3.7.1.csv,data/number/PUBLIC DATA_ 2026 AI INDEX REPORT/3. Responsible AI/Data/fig_3.7.1.csv,138,2,"Country, Bias & Unfair Discrimination"
3. Responsible AI,fig_3.7.2,fig_3.7.2.csv,data/number/PUBLIC DATA_ 2026 AI INDEX REPORT/3. Responsible AI/Data/fig_3.7.2.csv,138,2,"Country, Gender Equality"
3. Responsible AI,fig_3.7.3,fig_3.7.3.csv,data/number/PUBLIC DATA_ 2026 AI INDEX REPORT/3. Responsible AI/Data/fig_3.7.3.csv,138,2,"Country, Cultural & Linguistic Diversity"
3. Responsible AI,fig_3.7.4,fig_3.7.4.csv,data/number/PUBLIC DATA_ 2026 AI INDEX REPORT/3. Responsible AI/Data/fig_3.7.4.csv,21,3,"Region, Share of countries, Category"
3. Responsible AI,fig_3.7.5,fig_3.7.5.csv,data/number/PUBLIC DATA_ 2026 AI INDEX REPORT/3. Responsible AI/Data/fig_3.7.5.csv,29,3,"Model, Year, Mean score"
3. Responsible AI,fig_3.7.6,fig_3.7.6.csv,data/number/PUBLIC DATA_ 2026 AI INDEX REPORT/3. Responsible AI/Data/fig_3.7.6.csv,27,2,"Model, Score"
3. Responsible AI,fig_3.7.7,fig_3.7.7.csv,data/number/PUBLIC DATA_ 2026 AI INDEX REPORT/3. Responsible AI/Data/fig_3.7.7.csv,24,3,"language, model, accuracy"
3. Responsible AI,fig_3.8.1,fig_3.8.1.csv,data/number/PUBLIC DATA_ 2026 AI INDEX REPORT/3. Responsible AI/Data/fig_3.8.1.csv,34,3,"Model, Component, Score"
3. Responsible AI,fig_3.8.3,fig_3.8.3.csv,data/number/PUBLIC DATA_ 2026 AI INDEX REPORT/3. Responsible AI/Data/fig_3.8.3.csv,40,2,"Country Code, Status_Category"
3. Responsible AI,fig_3.9.2,fig_3.9.2.csv,data/number/PUBLIC DATA_ 2026 AI INDEX REPORT/3. Responsible AI/Data/fig_3.9.2.csv,33,3,"Model, Year, Mean score"
4. Economy,fig_4.2.1,fig_4.2.1.csv,data/number/PUBLIC DATA_ 2026 AI INDEX REPORT/4. Economy/Data/fig_4.2.1.csv,52,3,"Year, Event Type, Funding in USD (billions)"
4. Economy,fig_4.2.10,fig_4.2.10.csv,data/number/PUBLIC DATA_ 2026 AI INDEX REPORT/4. Economy/Data/fig_4.2.10.csv,19,3,"Year, Total investment (in billions of US dollars), Label"
4. Economy,fig_4.2.11,fig_4.2.11.csv,data/number/PUBLIC DATA_ 2026 AI INDEX REPORT/4. Economy/Data/fig_4.2.11.csv,39,3,"Year, Total investment (in billions of US dollars), Label"
4. Economy,fig_4.2.12,fig_4.2.12.csv,data/number/PUBLIC DATA_ 2026 AI INDEX REPORT/4. Economy/Data/fig_4.2.12.csv,15,2,"Total Investment (in Billions of U.S. Dollars), Country"
4. Economy,fig_4.2.13,fig_4.2.13.csv,data/number/PUBLIC DATA_ 2026 AI INDEX REPORT/4. Economy/Data/fig_4.2.13.csv,15,2,"Number of Companies, Country"
4. Economy,fig_4.2.14,fig_4.2.14.csv,data/number/PUBLIC DATA_ 2026 AI INDEX REPORT/4. Economy/Data/fig_4.2.14.csv,39,3,"Year, Number of companies, Label"
4. Economy,fig_4.2.15,fig_4.2.15.csv,data/number/PUBLIC DATA_ 2026 AI INDEX REPORT/4. Economy/Data/fig_4.2.15.csv,51,2,"state_code, total_funding"
4. Economy,fig_4.2.16,fig_4.2.16.csv,data/number/PUBLIC DATA_ 2026 AI INDEX REPORT/4. Economy/Data/fig_4.2.16.csv,50,3,"Total investment (in billions of U.S. dollars), Focus area, Label"
4. Economy,fig_4.2.17,fig_4.2.17.csv,data/number/PUBLIC DATA_ 2026 AI INDEX REPORT/4. Economy/Data/fig_4.2.17.csv,154,3,"Category, year, funding_in_billions_USD"
4. Economy,fig_4.2.18,fig_4.2.18.csv,data/number/PUBLIC DATA_ 2026 AI INDEX REPORT/4. Economy/Data/fig_4.2.18.csv,35,3,"Date, Annualized revenue (in billions of US dollars - log scale), Label"
4. Economy,fig_4.2.2,fig_4.2.2.csv,data/number/PUBLIC DATA_ 2026 AI INDEX REPORT/4. Economy/Data/fig_4.2.2.csv,13,2,"Year, Total investment (in billions of US dollars)"
4. Economy,fig_4.2.20,fig_4.2.20.csv,data/number/PUBLIC DATA_ 2026 AI INDEX REPORT/4. Economy/Data/fig_4.2.20.csv,10,4,"Year, Company, Type, Cost_Billions"
4. Economy,fig_4.2.3,fig_4.2.3.csv,data/number/PUBLIC DATA_ 2026 AI INDEX REPORT/4. Economy/Data/fig_4.2.3.csv,7,2,"Year, Total investment (in billions of US dollars)"
4. Economy,fig_4.2.4,fig_4.2.4.csv,data/number/PUBLIC DATA_ 2026 AI INDEX REPORT/4. Economy/Data/fig_4.2.4.csv,13,2,"Year, Number of companies"
4. Economy,fig_4.2.5,fig_4.2.5.csv,data/number/PUBLIC DATA_ 2026 AI INDEX REPORT/4. Economy/Data/fig_4.2.5.csv,7,2,"Year, Number of companies"
4. Economy,fig_4.2.6,fig_4.2.6.csv,data/number/PUBLIC DATA_ 2026 AI INDEX REPORT/4. Economy/Data/fig_4.2.6.csv,13,2,"Year, Average investment (in millions of US dollars)"
4. Economy,fig_4.2.8,fig_4.2.8.csv,data/number/PUBLIC DATA_ 2026 AI INDEX REPORT/4. Economy/Data/fig_4.2.8.csv,15,2,"Total Investment (in Billions of U.S. Dollars), Country"
4. Economy,fig_4.2.9,fig_4.2.9.csv,data/number/PUBLIC DATA_ 2026 AI INDEX REPORT/4. Economy/Data/fig_4.2.9.csv,39,3,"Year, Number of companies, Label"
4. Economy,fig_4.3.1(1),fig_4.3.1(1).csv,data/number/PUBLIC DATA_ 2026 AI INDEX REPORT/4. Economy/Data/fig_4.3.1(1).csv,12,3,"Year, % of respondents, Label"
4. Economy,fig_4.3.1,fig_4.3.1.csv,data/number/PUBLIC DATA_ 2026 AI INDEX REPORT/4. Economy/Data/fig_4.3.1.csv,147,2,"Economy, H2 2025 AI Diffusion"
4. Economy,fig_4.3.10,fig_4.3.10.csv,data/number/PUBLIC DATA_ 2026 AI INDEX REPORT/4. Economy/Data/fig_4.3.10.csv,144,2,"Country, H2 2025 AI Diffusion (%)"
4. Economy,fig_4.3.12,fig_4.3.12.csv,data/number/PUBLIC DATA_ 2026 AI INDEX REPORT/4. Economy/Data/fig_4.3.12.csv,30,3,"Economy, H1 2025 AI Diffusion, H2 2025 AI Diffusion"
4. Economy,fig_4.3.13,fig_4.3.13.csv,data/number/PUBLIC DATA_ 2026 AI INDEX REPORT/4. Economy/Data/fig_4.3.13.csv,4,9,"date, Architecture and Engineering, Arts, Design, Entertainment, Sports, and Media, Business and Financial Operations, Computer and Mathematical, Educational Instruction and Library, Life, Physical, and Social Sciences, Management, Office and Administrative Support"
4. Economy,fig_4.3.14,fig_4.3.14.csv,data/number/PUBLIC DATA_ 2026 AI INDEX REPORT/4. Economy/Data/fig_4.3.14.csv,4,3,"Date, Automation (%), Augmentation (%)"
4. Economy,fig_4.3.2,fig_4.3.2.csv,data/number/PUBLIC DATA_ 2026 AI INDEX REPORT/4. Economy/Data/fig_4.3.2.csv,18,3,"% of Respondents, Geographic Area, Label"
4. Economy,fig_4.3.3,fig_4.3.3.csv,data/number/PUBLIC DATA_ 2026 AI INDEX REPORT/4. Economy/Data/fig_4.3.3.csv,88,4,"industry, function, year, respondent_perc"
4. Economy,fig_4.3.5,fig_4.3.5.csv,data/number/PUBLIC DATA_ 2026 AI INDEX REPORT/4. Economy/Data/fig_4.3.5.csv,72,4,"Function, Year, Variable, Value"
4. Economy,fig_4.3.6,fig_4.3.6.csv,data/number/PUBLIC DATA_ 2026 AI INDEX REPORT/4. Economy/Data/fig_4.3.6.csv,15,3,"% of Respondents, Revenue in US dollars, Label"
4. Economy,fig_4.3.7,fig_4.3.7.csv,data/number/PUBLIC DATA_ 2026 AI INDEX REPORT/4. Economy/Data/fig_4.3.7.csv,132,3,"industry, function, respondent_perc"
4. Economy,fig_4.3.8,fig_4.3.8.csv,data/number/PUBLIC DATA_ 2026 AI INDEX REPORT/4. Economy/Data/fig_4.3.8.csv,33,3,"Percent of respondents, Function, Label"
4. Economy,fig_4.3.9,fig_4.3.9.csv,data/number/PUBLIC DATA_ 2026 AI INDEX REPORT/4. Economy/Data/fig_4.3.9.csv,26,5,"Years since the introduction of first mass-market product, ai_all_rps, pc_all_cps, internet_all_cps, internet_all_itu"
4. Economy,fig_4.4.1,fig_4.4.1.csv,data/number/PUBLIC DATA_ 2026 AI INDEX REPORT/4. Economy/Data/fig_4.4.1.csv,132,3,"Year, AI job postings (% of all job postings), Label"
4. Economy,fig_4.4.10,fig_4.4.10.csv,data/number/PUBLIC DATA_ 2026 AI INDEX REPORT/4. Economy/Data/fig_4.4.10.csv,51,2,"state_2digit, ai_state_count"
4. Economy,fig_4.4.11,fig_4.4.11.csv,data/number/PUBLIC DATA_ 2026 AI INDEX REPORT/4. Economy/Data/fig_4.4.11.csv,51,2,"state_2digit, perc_ai_job_post_on_total_ai_job_us"
4. Economy,fig_4.4.12,fig_4.4.12.csv,data/number/PUBLIC DATA_ 2026 AI INDEX REPORT/4. Economy/Data/fig_4.4.12.csv,64,3,"Year, Percentage of United States AI job postings, Label"
4. Economy,fig_4.4.13,fig_4.4.13.csv,data/number/PUBLIC DATA_ 2026 AI INDEX REPORT/4. Economy/Data/fig_4.4.13.csv,51,2,"state_2digit, ai_state_share"
4. Economy,fig_4.4.14,fig_4.4.14.csv,data/number/PUBLIC DATA_ 2026 AI INDEX REPORT/4. Economy/Data/fig_4.4.14.csv,64,3,"Year, Percentage of US states’ job postings in AI, Label"
4. Economy,fig_4.4.15,fig_4.4.15.csv,data/number/PUBLIC DATA_ 2026 AI INDEX REPORT/4. Economy/Data/fig_4.4.15.csv,15,2,"Relative AI hiring rate year-over-year ratio, Country"
4. Economy,fig_4.4.16,fig_4.4.16.csv,data/number/PUBLIC DATA_ 2026 AI INDEX REPORT/4. Economy/Data/fig_4.4.16.csv,4415,3,"date, country, relative_ai_hiring_index"
4. Economy,fig_4.4.2,fig_4.4.2.csv,data/number/PUBLIC DATA_ 2026 AI INDEX REPORT/4. Economy/Data/fig_4.4.2.csv,132,3,"Year, AI job postings (% of all job postings), Label"
4. Economy,fig_4.4.21,fig_4.4.21.csv,data/number/PUBLIC DATA_ 2026 AI INDEX REPORT/4. Economy/Data/fig_4.4.21.csv,15,2,"AI talent concentration, Country"
4. Economy,fig_4.4.22,fig_4.4.22.csv,data/number/PUBLIC DATA_ 2026 AI INDEX REPORT/4. Economy/Data/fig_4.4.22.csv,15,2,"% change of AI talent concentration, Country"
4. Economy,fig_4.4.23,fig_4.4.23.csv,data/number/PUBLIC DATA_ 2026 AI INDEX REPORT/4. Economy/Data/fig_4.4.23.csv,15,2,"Net AI talent migration (per 10,000 LinkedIn members), Country"
4. Economy,fig_4.4.24,fig_4.4.24.csv,data/number/PUBLIC DATA_ 2026 AI INDEX REPORT/4. Economy/Data/fig_4.4.24.csv,250,3,"year, country, netflow_per_10K"
4. Economy,fig_4.4.25,fig_4.4.25.csv,data/number/PUBLIC DATA_ 2026 AI INDEX REPORT/4. Economy/Data/fig_4.4.25.csv,820,4,"Country, Gender, ai_talent_representation_perc, Year"
4. Economy,fig_4.4.26,fig_4.4.26.csv,data/number/PUBLIC DATA_ 2026 AI INDEX REPORT/4. Economy/Data/fig_4.4.26.csv,820,4,"Country, Gender, ai_talent_concentration_perc, Year"
4. Economy,fig_4.4.29,fig_4.4.29.csv,data/number/PUBLIC DATA_ 2026 AI INDEX REPORT/4. Economy/Data/fig_4.4.29.csv,720,4,"Age Band Imputed, Date, Headcount, Jbb Role"
4. Economy,fig_4.4.3,fig_4.4.3.csv,data/number/PUBLIC DATA_ 2026 AI INDEX REPORT/4. Economy/Data/fig_4.4.3.csv,160,3,"Year, AI job postings (% of all job postings), Label"
4. Economy,fig_4.4.30,fig_4.4.30.csv,data/number/PUBLIC DATA_ 2026 AI INDEX REPORT/4. Economy/Data/fig_4.4.30.csv,60,2,"date, q5_estimate"
4. Economy,fig_4.4.33,fig_4.4.33.csv,data/number/PUBLIC DATA_ 2026 AI INDEX REPORT/4. Economy/Data/fig_4.4.33.csv,24,3,"organization_type, change, perc_respondents"
4. Economy,fig_4.4.34,fig_4.4.34.csv,data/number/PUBLIC DATA_ 2026 AI INDEX REPORT/4. Economy/Data/fig_4.4.34.csv,11,5,"Business Function, Actual Decrease (Past Year), Expected Decrease (Next Year), Actual Increase (Past Year), Expected Increase (Next Year)"
4. Economy,fig_4.4.4,fig_4.4.4.csv,data/number/PUBLIC DATA_ 2026 AI INDEX REPORT/4. Economy/Data/fig_4.4.4.csv,20,3,"Number of AI Job Postings, Skill, Label"
4. Economy,fig_4.4.5,fig_4.4.5.csv,data/number/PUBLIC DATA_ 2026 AI INDEX REPORT/4. Economy/Data/fig_4.4.5.csv,20,3,"Number of AI Job Postings, Generative AI skill, Label"
4. Economy,fig_4.4.6,fig_4.4.6.csv,data/number/PUBLIC DATA_ 2026 AI INDEX REPORT/4. Economy/Data/fig_4.4.6.csv,20,3,"Share of AI Job Postings, Generative AI skill, Label"
4. Economy,fig_4.4.7,fig_4.4.7.csv,data/number/PUBLIC DATA_ 2026 AI INDEX REPORT/4. Economy/Data/fig_4.4.7.csv,20,3,"Number of AI Job Postings, Generative AI skill, Label"
4. Economy,fig_4.4.8,fig_4.4.8.csv,data/number/PUBLIC DATA_ 2026 AI INDEX REPORT/4. Economy/Data/fig_4.4.8.csv,20,3,"Skill share AI Job Postings, Generative AI skill, Label"
4. Economy,fig_4.4.9,fig_4.4.9.csv,data/number/PUBLIC DATA_ 2026 AI INDEX REPORT/4. Economy/Data/fig_4.4.9.csv,30,3,"AI Job Postings (% of All Job Postings), Sector, Year"
4. Economy,fig_4.5.1,fig_4.5.1.csv,data/number/PUBLIC DATA_ 2026 AI INDEX REPORT/4. Economy/Data/fig_4.5.1.csv,13,2,"Year, Number of industrial robots installed (in thousands)"
4. Economy,fig_4.5.2,fig_4.5.2.csv,data/number/PUBLIC DATA_ 2026 AI INDEX REPORT/4. Economy/Data/fig_4.5.2.csv,13,2,"Year, Number of industrial robots (in thousands)"
4. Economy,fig_4.5.3,fig_4.5.3.csv,data/number/PUBLIC DATA_ 2026 AI INDEX REPORT/4. Economy/Data/fig_4.5.3.csv,24,3,"Year, Number of industrial robots installed (in thousands), Label"
4. Economy,fig_4.5.4,fig_4.5.4.csv,data/number/PUBLIC DATA_ 2026 AI INDEX REPORT/4. Economy/Data/fig_4.5.4.csv,10,2,"Number of Industrial Robots Installed (in Thousands), Country"
4. Economy,fig_4.5.5,fig_4.5.5.csv,data/number/PUBLIC DATA_ 2026 AI INDEX REPORT/4. Economy/Data/fig_4.5.5.csv,70,3,"Year, Number of industrial robots installed (in thousands), Country"
4. Economy,fig_4.5.6,fig_4.5.6.csv,data/number/PUBLIC DATA_ 2026 AI INDEX REPORT/4. Economy/Data/fig_4.5.6.csv,10,2,"Annual Growth Rate of Industrial Robots Installed, Country"
4. Economy,fig_4.5.7,fig_4.5.7.csv,data/number/PUBLIC DATA_ 2026 AI INDEX REPORT/4. Economy/Data/fig_4.5.7.csv,20,3,"year, application, amount"
5. Science,fig_5.1.1,fig_5.1.1.csv,data/number/PUBLIC DATA_ 2026 AI INDEX REPORT/5. Science/Data/fig_5.1.1.csv,64,3,"Year, Number of AI publications in natural sciences (in thousands), Label"
5. Science,fig_5.1.2,fig_5.1.2.csv,data/number/PUBLIC DATA_ 2026 AI INDEX REPORT/5. Science/Data/fig_5.1.2.csv,64,3,"Year, AI publications in natural sciences (% of total), Label"
5. Science,fig_5.3.1,fig_5.3.1.csv,data/number/PUBLIC DATA_ 2026 AI INDEX REPORT/5. Science/Data/fig_5.3.1.csv,18,5,"Agent, Submitter, Models Used, Overall Score, Overall Cost"
5. Science,fig_5.3.2,fig_5.3.2.csv,data/number/PUBLIC DATA_ 2026 AI INDEX REPORT/5. Science/Data/fig_5.3.2.csv,18,3,"Model, Agent Type, Avg. Score"
6. Medicine,fig_6.1.1,fig_6.1.1.csv,data/number/PUBLIC DATA_ 2026 AI INDEX REPORT/6. Medicine/Data/fig_6.1.1.csv,8,2,"Category, Number of publications"
6. Medicine,fig_6.1.10,fig_6.1.10.csv,data/number/PUBLIC DATA_ 2026 AI INDEX REPORT/6. Medicine/Data/fig_6.1.10.csv,12,2,"Method, Succes rate"
6. Medicine,fig_6.1.11,fig_6.1.11.csv,data/number/PUBLIC DATA_ 2026 AI INDEX REPORT/6. Medicine/Data/fig_6.1.11.csv,8,2,"Year, Number of publications"
6. Medicine,fig_6.1.12,fig_6.1.12.csv,data/number/PUBLIC DATA_ 2026 AI INDEX REPORT/6. Medicine/Data/fig_6.1.12.csv,4,4,"Model Name, Model Size, Model Performance, Year"
6. Medicine,fig_6.1.13,fig_6.1.13.csv,data/number/PUBLIC DATA_ 2026 AI INDEX REPORT/6. Medicine/Data/fig_6.1.13.csv,5,2,"Year, Number of publications"
6. Medicine,fig_6.1.2,fig_6.1.2.csv,data/number/PUBLIC DATA_ 2026 AI INDEX REPORT/6. Medicine/Data/fig_6.1.2.csv,8,2,"Year, Number of publications"
6. Medicine,fig_6.1.5,fig_6.1.5.csv,data/number/PUBLIC DATA_ 2026 AI INDEX REPORT/6. Medicine/Data/fig_6.1.5.csv,14,3,"Model, Parameters (Billions), Release Year"
6. Medicine,fig_6.1.6,fig_6.1.6.csv,data/number/PUBLIC DATA_ 2026 AI INDEX REPORT/6. Medicine/Data/fig_6.1.6.csv,14,4,"Model Name, Parameters, Average Spearman, Release Year"
6. Medicine,fig_6.1.8,fig_6.1.8.csv,data/number/PUBLIC DATA_ 2026 AI INDEX REPORT/6. Medicine/Data/fig_6.1.8.csv,16,4,"Model Name, Date of Release, Model Number of Parameters, Release Year"
6. Medicine,fig_6.1.9,fig_6.1.9.csv,data/number/PUBLIC DATA_ 2026 AI INDEX REPORT/6. Medicine/Data/fig_6.1.9.csv,8,5,"Model Name, Date of Release, Model Performance, Release Year, Parameters"
6. Medicine,fig_6.2.11,fig_6.2.11.csv,data/number/PUBLIC DATA_ 2026 AI INDEX REPORT/6. Medicine/Data/fig_6.2.11.csv,11,2,"Year, Number of publications"
6. Medicine,fig_6.2.12,fig_6.2.12.csv,data/number/PUBLIC DATA_ 2026 AI INDEX REPORT/6. Medicine/Data/fig_6.2.12.csv,11,2,"Year, Number of patent filings"
6. Medicine,fig_6.2.3,fig_6.2.3.csv,data/number/PUBLIC DATA_ 2026 AI INDEX REPORT/6. Medicine/Data/fig_6.2.3.csv,15,2,"Year, Number of papers reporting prospective clinical trials"
6. Medicine,fig_6.2.4,fig_6.2.4.csv,data/number/PUBLIC DATA_ 2026 AI INDEX REPORT/6. Medicine/Data/fig_6.2.4.csv,415,2,"Group.final2, total_pct"
6. Medicine,fig_6.2.5,fig_6.2.5.csv,data/number/PUBLIC DATA_ 2026 AI INDEX REPORT/6. Medicine/Data/fig_6.2.5.csv,105,3,"year, type, num_cleared_devices"
6. Medicine,fig_6.2.6,fig_6.2.6.csv,data/number/PUBLIC DATA_ 2026 AI INDEX REPORT/6. Medicine/Data/fig_6.2.6.csv,62,2,"Year, Number of AI medical devices"
6. Medicine,fig_6.2.7,fig_6.2.7.csv,data/number/PUBLIC DATA_ 2026 AI INDEX REPORT/6. Medicine/Data/fig_6.2.7.csv,17,2,"Number of Devices, Clinical Specialty"
6. Medicine,fig_6.2.8,fig_6.2.8.csv,data/number/PUBLIC DATA_ 2026 AI INDEX REPORT/6. Medicine/Data/fig_6.2.8.csv,10,8,"Year, Radiology, Cardiovascular, Neurology, Anesthesiology, Hematology, Gastroenterology-Urology, Other"
6. Medicine,fig_6.2.9,fig_6.2.9.csv,data/number/PUBLIC DATA_ 2026 AI INDEX REPORT/6. Medicine/Data/fig_6.2.9.csv,15,2,"Number of Authorized Devices, Company"
6. Medicine,fig_6.3.1,fig_6.3.1.csv,data/number/PUBLIC DATA_ 2026 AI INDEX REPORT/6. Medicine/Data/fig_6.3.1.csv,5,2,"% with AI Overview, Query Type"
6. Medicine,fig_6.3.2,fig_6.3.2.csv,data/number/PUBLIC DATA_ 2026 AI INDEX REPORT/6. Medicine/Data/fig_6.3.2.csv,6,2,"Year, Number of publications"
6. Medicine,fig_6.3.4,fig_6.3.4.csv,data/number/PUBLIC DATA_ 2026 AI INDEX REPORT/6. Medicine/Data/fig_6.3.4.csv,30,2,"Volume of Publications, Specialty"
6. Medicine,fig_6.3.5,fig_6.3.5.csv,data/number/PUBLIC DATA_ 2026 AI INDEX REPORT/6. Medicine/Data/fig_6.3.5.csv,41,2,"Country, Volume of Publications"
6. Medicine,"fig_6.4,2","fig_6.4,2.csv","data/number/PUBLIC DATA_ 2026 AI INDEX REPORT/6. Medicine/Data/fig_6.4,2.csv",15,3,"year, type, num_pubs"
6. Medicine,fig_6.4.1,fig_6.4.1.csv,data/number/PUBLIC DATA_ 2026 AI INDEX REPORT/6. Medicine/Data/fig_6.4.1.csv,10,3,"year, type, num_pubs"
6. Medicine,fig_6.4.3,fig_6.4.3.csv,data/number/PUBLIC DATA_ 2026 AI INDEX REPORT/6. Medicine/Data/fig_6.4.3.csv,5,2,"Year, Number of publications"
6. Medicine,fig_6.4.5(1),fig_6.4.5(1).csv,data/number/PUBLIC DATA_ 2026 AI INDEX REPORT/6. Medicine/Data/fig_6.4.5(1).csv,10,3,"year, type, num_pubs"
6. Medicine,fig_6.4.5,fig_6.4.5.csv,data/number/PUBLIC DATA_ 2026 AI INDEX REPORT/6. Medicine/Data/fig_6.4.5.csv,50,3,"year, type, num_pubs"
6. Medicine,fig_6.4.6,fig_6.4.6.csv,data/number/PUBLIC DATA_ 2026 AI INDEX REPORT/6. Medicine/Data/fig_6.4.6.csv,15,3,"year, type, num_pubs"
7. Education,fig_7.2.10,fig_7.2.10.csv,data/number/PUBLIC DATA_ 2026 AI INDEX REPORT/7. Education/Data/fig_7.2.10.csv,15,3,"Country, 2023, 2022"
7. Education,fig_7.2.11,fig_7.2.11.csv,data/number/PUBLIC DATA_ 2026 AI INDEX REPORT/7. Education/Data/fig_7.2.11.csv,15,3,"Country, 2023, 2022"
7. Education,fig_7.2.12,fig_7.2.12.csv,data/number/PUBLIC DATA_ 2026 AI INDEX REPORT/7. Education/Data/fig_7.2.12.csv,15,3,"Country, 2023, 2022"
7. Education,fig_7.2.13,fig_7.2.13.csv,data/number/PUBLIC DATA_ 2026 AI INDEX REPORT/7. Education/Data/fig_7.2.13.csv,176,4,"Country, Percent Female, Group, Education level abbreviated"
7. Education,fig_7.2.14,fig_7.2.14.csv,data/number/PUBLIC DATA_ 2026 AI INDEX REPORT/7. Education/Data/fig_7.2.14.csv,15,3,"Year, Number of CS, CE, and information faculty, Label"
7. Education,fig_7.2.15,fig_7.2.15.csv,data/number/PUBLIC DATA_ 2026 AI INDEX REPORT/7. Education/Data/fig_7.2.15.csv,16,3,"Ratio, Race/Ethnicity, Label"
7. Education,fig_7.2.16,fig_7.2.16.csv,data/number/PUBLIC DATA_ 2026 AI INDEX REPORT/7. Education/Data/fig_7.2.16.csv,30,3,"University students (% of total) who have used GenAI , Country, Year"
7. Education,fig_7.2.17,fig_7.2.17.csv,data/number/PUBLIC DATA_ 2026 AI INDEX REPORT/7. Education/Data/fig_7.2.17.csv,9,2,"% of Respondents, Use"
7. Education,fig_7.2.1_hardware,fig_7.2.1_hardware.csv,data/number/PUBLIC DATA_ 2026 AI INDEX REPORT/7. Education/Data/fig_7.2.1_hardware.csv,11,5,"Year, Associate’s, Bachelor’s, Master’s, PhD"
7. Education,fig_7.2.1_software,fig_7.2.1_software.csv,data/number/PUBLIC DATA_ 2026 AI INDEX REPORT/7. Education/Data/fig_7.2.1_software.csv,11,5,"Year, Associate’s, Bachelor’s, Master’s, PhD"
7. Education,fig_7.2.2_hardware,fig_7.2.2_hardware.csv,data/number/PUBLIC DATA_ 2026 AI INDEX REPORT/7. Education/Data/fig_7.2.2_hardware.csv,4,3,"AWLEVEL, Female, Male"
7. Education,fig_7.2.2_software,fig_7.2.2_software.csv,data/number/PUBLIC DATA_ 2026 AI INDEX REPORT/7. Education/Data/fig_7.2.2_software.csv,4,3,"AWLEVEL, Female, Male"
7. Education,fig_7.2.3,fig_7.2.3.csv,data/number/PUBLIC DATA_ 2026 AI INDEX REPORT/7. Education/Data/fig_7.2.3.csv,21,3,"Ratio, Race/Ethnicity, Label"
7. Education,fig_7.2.4,fig_7.2.4.csv,data/number/PUBLIC DATA_ 2026 AI INDEX REPORT/7. Education/Data/fig_7.2.4.csv,21,3,"Ratio, Race/Ethnicity, Label"
7. Education,fig_7.2.5_hardware,fig_7.2.5_hardware.csv,data/number/PUBLIC DATA_ 2026 AI INDEX REPORT/7. Education/Data/fig_7.2.5_hardware.csv,4,3,"AWLEVEL, Nonresident, Resident"
7. Education,fig_7.2.5_software,fig_7.2.5_software.csv,data/number/PUBLIC DATA_ 2026 AI INDEX REPORT/7. Education/Data/fig_7.2.5_software.csv,4,3,"AWLEVEL, Nonresident, Resident"
7. Education,fig_7.2.7,fig_7.2.7.csv,data/number/PUBLIC DATA_ 2026 AI INDEX REPORT/7. Education/Data/fig_7.2.7.csv,60,3,"Year, Number of new AI PhD graduates, Label"
7. Education,fig_7.2.8,fig_7.2.8.csv,data/number/PUBLIC DATA_ 2026 AI INDEX REPORT/7. Education/Data/fig_7.2.8.csv,45,3,"Year, New AI PhD graduates (% of total), Label"
7. Education,fig_7.2.9,fig_7.2.9.csv,data/number/PUBLIC DATA_ 2026 AI INDEX REPORT/7. Education/Data/fig_7.2.9.csv,15,3,"Country, 2023, 2022"
7. Education,fig_7.3.1,fig_7.3.1.csv,data/number/PUBLIC DATA_ 2026 AI INDEX REPORT/7. Education/Data/fig_7.3.1.csv,8,2,"Year, % of schools"
7. Education,fig_7.3.10,fig_7.3.10.csv,data/number/PUBLIC DATA_ 2026 AI INDEX REPORT/7. Education/Data/fig_7.3.10.csv,42,3,"State, Percent of HS offering CS, Percent of students enrolled"
7. Education,fig_7.3.11,fig_7.3.11.csv,data/number/PUBLIC DATA_ 2026 AI INDEX REPORT/7. Education/Data/fig_7.3.11.csv,14,3,"Ratio, Race/Ethnicity, Year"
7. Education,fig_7.3.12,fig_7.3.12.csv,data/number/PUBLIC DATA_ 2026 AI INDEX REPORT/7. Education/Data/fig_7.3.12.csv,10,3,"Ratio, Group, Year"
7. Education,fig_7.3.13,fig_7.3.13.csv,data/number/PUBLIC DATA_ 2026 AI INDEX REPORT/7. Education/Data/fig_7.3.13.csv,18,2,"Year, Number of AP computer science exams taken (in thousands)"
7. Education,fig_7.3.14,fig_7.3.14.csv,data/number/PUBLIC DATA_ 2026 AI INDEX REPORT/7. Education/Data/fig_7.3.14.csv,144,3,"Year, Number of AP computer science exams taken, Label"
7. Education,fig_7.3.15,fig_7.3.15.csv,data/number/PUBLIC DATA_ 2026 AI INDEX REPORT/7. Education/Data/fig_7.3.15.csv,144,3,"Year, AP computer science exams taken (% of total responding students), Label"
7. Education,fig_7.3.16,fig_7.3.16.csv,data/number/PUBLIC DATA_ 2026 AI INDEX REPORT/7. Education/Data/fig_7.3.16.csv,28,3,"Ratio, Race/Ethnicity, Year"
7. Education,fig_7.3.17,fig_7.3.17.csv,data/number/PUBLIC DATA_ 2026 AI INDEX REPORT/7. Education/Data/fig_7.3.17.csv,7,2,"% of Respondents, Use"
7. Education,fig_7.3.18,fig_7.3.18.csv,data/number/PUBLIC DATA_ 2026 AI INDEX REPORT/7. Education/Data/fig_7.3.18.csv,51,2,"State, Status"
7. Education,fig_7.3.19,fig_7.3.19.csv,data/number/PUBLIC DATA_ 2026 AI INDEX REPORT/7. Education/Data/fig_7.3.19.csv,217,3,"Country, Country Code, Status"
7. Education,fig_7.3.2,fig_7.3.2.csv,data/number/PUBLIC DATA_ 2026 AI INDEX REPORT/7. Education/Data/fig_7.3.2.csv,51,3,"code, School Year, percent_public_hs_teach_cs"
7. Education,fig_7.3.3,fig_7.3.3.csv,data/number/PUBLIC DATA_ 2026 AI INDEX REPORT/7. Education/Data/fig_7.3.3.csv,51,2,"code, percent_students"
7. Education,fig_7.3.4,fig_7.3.4.csv,data/number/PUBLIC DATA_ 2026 AI INDEX REPORT/7. Education/Data/fig_7.3.4.csv,3,2,"Year, % of schools"
7. Education,fig_7.3.5,fig_7.3.5.csv,data/number/PUBLIC DATA_ 2026 AI INDEX REPORT/7. Education/Data/fig_7.3.5.csv,3,2,"Category, Percent"
7. Education,fig_7.3.6,fig_7.3.6.csv,data/number/PUBLIC DATA_ 2026 AI INDEX REPORT/7. Education/Data/fig_7.3.6.csv,2,2,"Category, Percent"
7. Education,fig_7.3.7,fig_7.3.7.csv,data/number/PUBLIC DATA_ 2026 AI INDEX REPORT/7. Education/Data/fig_7.3.7.csv,7,2,"Race/ethnicity, Percent"
7. Education,fig_7.3.8,fig_7.3.8.csv,data/number/PUBLIC DATA_ 2026 AI INDEX REPORT/7. Education/Data/fig_7.3.8.csv,50,3,"code, percent_students, name"
7. Education,fig_7.3.9,fig_7.3.9.csv,data/number/PUBLIC DATA_ 2026 AI INDEX REPORT/7. Education/Data/fig_7.3.9.csv,51,2,"code, percent_students"
7. Education,fig_7.4.1,fig_7.4.1.csv,data/number/PUBLIC DATA_ 2026 AI INDEX REPORT/7. Education/Data/fig_7.4.1.csv,15,2,"Relative AI skill penetration rate, Country"
7. Education,fig_7.4.2,fig_7.4.2.csv,data/number/PUBLIC DATA_ 2026 AI INDEX REPORT/7. Education/Data/fig_7.4.2.csv,30,3,"Relative AI Skill Penetration Rate, Country, Label"
7. Education,fig_7.4.3,fig_7.4.3.csv,data/number/PUBLIC DATA_ 2026 AI INDEX REPORT/7. Education/Data/fig_7.4.3.csv,458,4,"Country, Skills Diffusion Index (AI Engineering skills), Skills Diffusion Index (AI Literacy skills), Year"
8. Policy and Governance,fig_8.2.1,fig_8.2.1.csv,data/number/PUBLIC DATA_ 2026 AI INDEX REPORT/8. Policy and Governance/Data/fig_8.2.1.csv,193,8,"Country, 2019, 2020, 2021, 2022, 2023, 2024, 2025"
8. Policy and Governance,fig_8.3.1,fig_8.3.1.csv,data/number/PUBLIC DATA_ 2026 AI INDEX REPORT/8. Policy and Governance/Data/fig_8.3.1.csv,112,3,"Year, Cumulative number of AI supercomputers, Label"
8. Policy and Governance,fig_8.3.2,fig_8.3.2.csv,data/number/PUBLIC DATA_ 2026 AI INDEX REPORT/8. Policy and Governance/Data/fig_8.3.2.csv,27,4,"country, has_nvidia, has_openai, initiative_type"
8. Policy and Governance,fig_8.3.3,fig_8.3.3.csv,data/number/PUBLIC DATA_ 2026 AI INDEX REPORT/8. Policy and Governance/Data/fig_8.3.3.csv,175,3,"Year, Cumulative number of data localization measures, Label"
8. Policy and Governance,fig_8.3.4,fig_8.3.4.csv,data/number/PUBLIC DATA_ 2026 AI INDEX REPORT/8. Policy and Governance/Data/fig_8.3.4.csv,128,3,"Year, Cumulative number of AI models released, Label"
8. Policy and Governance,fig_8.3.5,fig_8.3.5.csv,data/number/PUBLIC DATA_ 2026 AI INDEX REPORT/8. Policy and Governance/Data/fig_8.3.5.csv,75,12,"country, Agriculture and environment, Business and enterprise services, Consumer and lifestyle, Education, Financial services, General-purpose AI capabilities, Healthcare and life sciences, Industry, energy and infrastructure, Legal services, Public sector and governance, Security and defense"
8. Policy and Governance,fig_8.3.6,fig_8.3.6.csv,data/number/PUBLIC DATA_ 2026 AI INDEX REPORT/8. Policy and Governance/Data/fig_8.3.6.csv,504,4,"Region, quarter, flow_type, flow_n"
8. Policy and Governance,fig_8.4.1,fig_8.4.1.csv,data/number/PUBLIC DATA_ 2026 AI INDEX REPORT/8. Policy and Governance/Data/fig_8.4.1.csv,10,2,"Year, Number of AI-related bills passed"
8. Policy and Governance,fig_8.4.10,fig_8.4.10.csv,data/number/PUBLIC DATA_ 2026 AI INDEX REPORT/8. Policy and Governance/Data/fig_8.4.10.csv,9,2,"Year, Number of AI-related regulations"
8. Policy and Governance,fig_8.4.11,fig_8.4.11.csv,data/number/PUBLIC DATA_ 2026 AI INDEX REPORT/8. Policy and Governance/Data/fig_8.4.11.csv,134,3,"Year, Agency Name, Number of AI-related regulations"
8. Policy and Governance,fig_8.4.2,fig_8.4.2.csv,data/number/PUBLIC DATA_ 2026 AI INDEX REPORT/8. Policy and Governance/Data/fig_8.4.2.csv,20,2,"Country, Number of AI-related bills passed into law"
8. Policy and Governance,fig_8.4.3,fig_8.4.3.csv,data/number/PUBLIC DATA_ 2026 AI INDEX REPORT/8. Policy and Governance/Data/fig_8.4.3.csv,14,2,"Number of AI-related bills passed into law, 2016–25 (sum), Country"
8. Policy and Governance,fig_8.4.4,fig_8.4.4.csv,data/number/PUBLIC DATA_ 2026 AI INDEX REPORT/8. Policy and Governance/Data/fig_8.4.4.csv,10,2,"Year, Number of AI-related bills passed"
8. Policy and Governance,fig_8.4.5,fig_8.4.5.csv,data/number/PUBLIC DATA_ 2026 AI INDEX REPORT/8. Policy and Governance/Data/fig_8.4.5.csv,15,2,"Number of AI-related bills 2016–24 (sum), U.S. State"
8. Policy and Governance,fig_8.4.6,fig_8.4.6.csv,data/number/PUBLIC DATA_ 2026 AI INDEX REPORT/8. Policy and Governance/Data/fig_8.4.6.csv,50,2,"State, Number of AI-related bills passed 2016–25"
8. Policy and Governance,fig_8.4.7,fig_8.4.7.csv,data/number/PUBLIC DATA_ 2026 AI INDEX REPORT/8. Policy and Governance/Data/fig_8.4.7.csv,9,2,"Year, Number of witnesses"
8. Policy and Governance,fig_8.4.8,fig_8.4.8.csv,data/number/PUBLIC DATA_ 2026 AI INDEX REPORT/8. Policy and Governance/Data/fig_8.4.8.csv,15,3,"Congress, Witnesses (% of total), Label"
8. Policy and Governance,fig_8.4.9,fig_8.4.9.csv,data/number/PUBLIC DATA_ 2026 AI INDEX REPORT/8. Policy and Governance/Data/fig_8.4.9.csv,20,3,"Number of Witnesses, Subject Area, Label"
8. Policy and Governance,fig_8.5.1,fig_8.5.1.csv,data/number/PUBLIC DATA_ 2026 AI INDEX REPORT/8. Policy and Governance/Data/fig_8.5.1.csv,36,3,"year, type, cumulative_value"
8. Policy and Governance,fig_8.5.10,fig_8.5.10.csv,data/number/PUBLIC DATA_ 2026 AI INDEX REPORT/8. Policy and Governance/Data/fig_8.5.10.csv,28,2,"Country, Median Contract Value (M$)"
8. Policy and Governance,fig_8.5.11,fig_8.5.11.csv,data/number/PUBLIC DATA_ 2026 AI INDEX REPORT/8. Policy and Governance/Data/fig_8.5.11.csv,63,3,"Year, Public spending on AI-related contracts (% of total), Label"
8. Policy and Governance,fig_8.5.2,fig_8.5.2.csv,data/number/PUBLIC DATA_ 2026 AI INDEX REPORT/8. Policy and Governance/Data/fig_8.5.2.csv,36,3,"Year, Public spending on AI (in billions of US dollars), Label"
8. Policy and Governance,fig_8.5.4,fig_8.5.4.csv,data/number/PUBLIC DATA_ 2026 AI INDEX REPORT/8. Policy and Governance/Data/fig_8.5.4.csv,51,2,"State, Value"
8. Policy and Governance,fig_8.5.5,fig_8.5.5.csv,data/number/PUBLIC DATA_ 2026 AI INDEX REPORT/8. Policy and Governance/Data/fig_8.5.5.csv,51,2,"State, Value"
8. Policy and Governance,fig_8.5.6,fig_8.5.6.csv,data/number/PUBLIC DATA_ 2026 AI INDEX REPORT/8. Policy and Governance/Data/fig_8.5.6.csv,81,3,"Year, Public spending on AI-related contracts and OTAs (% of total), Label"
8. Policy and Governance,fig_8.5.7,fig_8.5.7.csv,data/number/PUBLIC DATA_ 2026 AI INDEX REPORT/8. Policy and Governance/Data/fig_8.5.7.csv,84,3,"Year, Public spending on AI-related grants (% of total), Label"
8. Policy and Governance,fig_8.5.8,fig_8.5.8.csv,data/number/PUBLIC DATA_ 2026 AI INDEX REPORT/8. Policy and Governance/Data/fig_8.5.8.csv,74,3,"country_name, year, cumulative_value"
8. Policy and Governance,fig_8.5.9,fig_8.5.9.csv,data/number/PUBLIC DATA_ 2026 AI INDEX REPORT/8. Policy and Governance/Data/fig_8.5.9.csv,32,2,"Country, N. Contracts"
9. Public Opinion,fig_9.1.1,fig_9.1.1.csv,data/number/PUBLIC DATA_ 2026 AI INDEX REPORT/9. Public Opinion/Data/fig_9.1.1.csv,39,3,"Question, Year, Value"
9. Public Opinion,fig_9.1.10,fig_9.1.10.csv,data/number/PUBLIC DATA_ 2026 AI INDEX REPORT/9. Public Opinion/Data/fig_9.1.10.csv,48,3,"country, using_ai_at_work, trust_ai_at_work"
9. Public Opinion,fig_9.1.11,fig_9.1.11.csv,data/number/PUBLIC DATA_ 2026 AI INDEX REPORT/9. Public Opinion/Data/fig_9.1.11.csv,141,3,"Country, Category, % of respondents"
9. Public Opinion,fig_9.1.2,fig_9.1.2.csv,data/number/PUBLIC DATA_ 2026 AI INDEX REPORT/9. Public Opinion/Data/fig_9.1.2.csv,148,3,"Country, Year, % of respondents that ""Agree"""
9. Public Opinion,fig_9.1.3,fig_9.1.3.csv,data/number/PUBLIC DATA_ 2026 AI INDEX REPORT/9. Public Opinion/Data/fig_9.1.3.csv,256,3,"Category, Country, Response"
9. Public Opinion,fig_9.1.4,fig_9.1.4.csv,data/number/PUBLIC DATA_ 2026 AI INDEX REPORT/9. Public Opinion/Data/fig_9.1.4.csv,256,3,"Category, Country, Response"
9. Public Opinion,fig_9.1.5,fig_9.1.5.csv,data/number/PUBLIC DATA_ 2026 AI INDEX REPORT/9. Public Opinion/Data/fig_9.1.5.csv,64,3,"Category, Country, Response"
9. Public Opinion,fig_9.1.6,fig_9.1.6.csv,data/number/PUBLIC DATA_ 2026 AI INDEX REPORT/9. Public Opinion/Data/fig_9.1.6.csv,224,3,"Response, Country, Response.1"
9. Public Opinion,fig_9.1.7,fig_9.1.7.csv,data/number/PUBLIC DATA_ 2026 AI INDEX REPORT/9. Public Opinion/Data/fig_9.1.7.csv,16,3,"Category, Year, Response"
9. Public Opinion,fig_9.1.8,fig_9.1.8.csv,data/number/PUBLIC DATA_ 2026 AI INDEX REPORT/9. Public Opinion/Data/fig_9.1.8.csv,44,3,"Percent of respondents, Country, Label"
9. Public Opinion,fig_9.1.9,fig_9.1.9.csv,data/number/PUBLIC DATA_ 2026 AI INDEX REPORT/9. Public Opinion/Data/fig_9.1.9.csv,224,3,"Category, Country, Response"
9. Public Opinion,fig_9.2.1,fig_9.2.1.csv,data/number/PUBLIC DATA_ 2026 AI INDEX REPORT/9. Public Opinion/Data/fig_9.2.1.csv,20,3,"Percentage, Category, Label"
9. Public Opinion,fig_9.2.10,fig_9.2.10.csv,data/number/PUBLIC DATA_ 2026 AI INDEX REPORT/9. Public Opinion/Data/fig_9.2.10.csv,66,3,"Percent of respondents, Country, Label"
9. Public Opinion,fig_9.2.2,fig_9.2.2.csv,data/number/PUBLIC DATA_ 2026 AI INDEX REPORT/9. Public Opinion/Data/fig_9.2.2.csv,24,3,"Percentage, Category, Label"
9. Public Opinion,fig_9.2.3,fig_9.2.3.csv,data/number/PUBLIC DATA_ 2026 AI INDEX REPORT/9. Public Opinion/Data/fig_9.2.3.csv,28,3,"AI companionship adoption, Unnamed: 1, Label"
9. Public Opinion,fig_9.2.4,fig_9.2.4.csv,data/number/PUBLIC DATA_ 2026 AI INDEX REPORT/9. Public Opinion/Data/fig_9.2.4.csv,8,3,"Group, Response, Percentage"
9. Public Opinion,fig_9.2.5,fig_9.2.5.csv,data/number/PUBLIC DATA_ 2026 AI INDEX REPORT/9. Public Opinion/Data/fig_9.2.5.csv,27,11,"Unnamed: 0, participant_group, question_set_name, question_resolution_date, question_resolution_year, question_percentile, unit_name, w_median, median, w_mean, mean"
9. Public Opinion,fig_9.2.6,fig_9.2.6.csv,data/number/PUBLIC DATA_ 2026 AI INDEX REPORT/9. Public Opinion/Data/fig_9.2.6.csv,20,3,"Percentage, Category, Label"
9. Public Opinion,fig_9.2.7,fig_9.2.7.csv,data/number/PUBLIC DATA_ 2026 AI INDEX REPORT/9. Public Opinion/Data/fig_9.2.7.csv,16,3,"Year, % of respondents, Label"
9. Public Opinion,fig_9.2.8,fig_9.2.8.csv,data/number/PUBLIC DATA_ 2026 AI INDEX REPORT/9. Public Opinion/Data/fig_9.2.8.csv,51,3,"Percent of respondents, Category, Label"
9. Public Opinion,fig_9.2.9,fig_9.2.9.csv,data/number/PUBLIC DATA_ 2026 AI INDEX REPORT/9. Public Opinion/Data/fig_9.2.9.csv,27,11,"Unnamed: 0, participant_group, question_set_name, question_resolution_date, question_resolution_year, question_percentile, unit_name, w_median, median, w_mean, mean"
9. Public Opinion,fig_9.3.1,fig_9.3.1.csv,data/number/PUBLIC DATA_ 2026 AI INDEX REPORT/9. Public Opinion/Data/fig_9.3.1.csv,31,3,"% of respondents, Country, Year"
9. Public Opinion,fig_9.3.2,fig_9.3.2.csv,data/number/PUBLIC DATA_ 2026 AI INDEX REPORT/9. Public Opinion/Data/fig_9.3.2.csv,104,3,"country, trust_in, response_perc"
9. Public Opinion,fig_9.3.3,fig_9.3.3.csv,data/number/PUBLIC DATA_ 2026 AI INDEX REPORT/9. Public Opinion/Data/fig_9.3.3.csv,44,3,"Percent of respondents, Country, Label"
9. Public Opinion,fig_9.3.4,fig_9.3.4.csv,data/number/PUBLIC DATA_ 2026 AI INDEX REPORT/9. Public Opinion/Data/fig_9.3.4.csv,39,2,"state, net_concern"
9. Public Opinion,fig_9.3.5,fig_9.3.5.csv,data/number/PUBLIC DATA_ 2026 AI INDEX REPORT/9. Public Opinion/Data/fig_9.3.5.csv,117,3,"Percent of respondents, State, Label"
9. Public Opinion,fig_9.3.6,fig_9.3.6.csv,data/number/PUBLIC DATA_ 2026 AI INDEX REPORT/9. Public Opinion/Data/fig_9.3.6.csv,72,3,"Percent of respondents, Demographic Group, Label"
